adwaita-icon-theme|tdvp-image-base
alsa-data|tdvp-image-base
ca-certificates|tdvp-image-base
gdk-pixbuf-loaders|tdvp-image-base
glib-networking|tdvp-image-glib-networking
gtk3-data|tdvp-image-libgtk3
hicolor-icon-theme|tdvp-image-base
libanl-1|tdvp-image-toolchain-external-custom
libarchive-13|tdvp-image-libarchive
libasan-8|tdvp-image-base
libasound-2|tdvp-image-alsa-lib
libass-9|tdvp-image-libass
libassuan-0|tdvp-image-libassuan
libatk-1.0-0|tdvp-image-at-spi2-core
libatk-bridge-2.0-0|tdvp-image-at-spi2-core
libatkmm-1.6-1|tdvp-image-atkmm2-28
libatomic-1|tdvp-image-toolchain-external-custom
libatopology-2|tdvp-image-alsa-lib
libatspi-0|tdvp-image-at-spi2-core
libavcodec-58|tdvp-image-ffmpeg
libavdevice-58|tdvp-image-ffmpeg
libavfilter-7|tdvp-image-ffmpeg
libavformat-58|tdvp-image-ffmpeg
libavutil-56|tdvp-image-ffmpeg
libblkid-1|tdvp-image-base
libbluetooth-3|tdvp-image-bluez5-utils
libcairo-2|tdvp-image-cairo
libcairo-gobject-2|tdvp-image-cairo
libcairo-script-interpreter-2|tdvp-image-cairo
libcairomm-1.0-1|tdvp-image-cairomm1-14
libcanberra-0|tdvp-image-libcanberra
libcap-2|tdvp-image-libcap
libcom-err-2|tdvp-image-e2fsprogs
libcrypt-1|tdvp-image-toolchain-external-custom
libcrypt-2|tdvp-image-libxcrypt
libcrypto-3|tdvp-image-libopenssl
libcurl-4|tdvp-image-libcurl
libdbus-1-3|tdvp-image-dbus
libdisplay-info-2|tdvp-image-libdisplay-info
libdrm-2|tdvp-image-libdrm
libdvbv5-0|tdvp-image-libv4l
libe2p-2|tdvp-image-e2fsprogs
libegl-1|tdvp-image-mesa3d
libepoxy-0|tdvp-image-libepoxy
libevdev-2|tdvp-image-libevdev
libexpat-1|tdvp-image-expat
libext2fs-2|tdvp-image-e2fsprogs
libfcft-4|tdvp-image-fcft
libfdisk-1|tdvp-image-base
libffi-8|tdvp-image-libffi
libfm-4|tdvp-image-libfm
libfm-extra-4|tdvp-image-base
libfm-gtk3-4|tdvp-image-libfm
libfontconfig-1|tdvp-image-fontconfig
libformw-6|tdvp-image-ncurses
libfreetype-6|tdvp-image-freetype
libfribidi-0|tdvp-image-libfribidi
libgailutil-3-0|tdvp-image-libgtk3
libgbm-1|tdvp-image-mesa3d
libgcrypt-20|tdvp-image-libgcrypt
libgdk-3-0|tdvp-image-libgtk3
libgdk-pixbuf-2.0-0|tdvp-image-gdk-pixbuf
libgdkmm-3.0-1|tdvp-image-gtkmm3
libgfortran-5|tdvp-image-toolchain-external-custom
libgio-2.0-0|tdvp-image-libglib2
libgiomm-2.4-1|tdvp-image-glibmm2-66
libgirepository-2.0-0|tdvp-image-libglib2
libglapi-0|tdvp-image-mesa3d
libglesv1-cm-1|tdvp-image-mesa3d
libglesv2-2|tdvp-image-mesa3d
libglib-2.0-0|tdvp-image-libglib2
libglibmm-2.4-1|tdvp-image-glibmm2-66
libglibmm-generate-extra-defs-2.4-1|tdvp-image-glibmm2-66
libgmodule-2.0-0|tdvp-image-libglib2
libgmp-10|tdvp-image-gmp
libgmpxx-4|tdvp-image-gmp
libgnutls-30|tdvp-image-gnutls
libgnutlsxx-30|tdvp-image-gnutls
libgobject-2.0-0|tdvp-image-libglib2
libgomp-1|tdvp-image-toolchain-external-custom
libgpg-error-0|tdvp-image-libgpg-error
libgpgme-11|tdvp-image-libgpgme
libgpgmepp-6|tdvp-image-libgpgme
libgpiod-2|tdvp-image-libgpiod
libgpiodcxx-1|tdvp-image-libgpiod
libgthread-2.0-0|tdvp-image-libglib2
libgtk-3-0|tdvp-image-libgtk3
libgtk-layer-shell-0|tdvp-image-gtk-layer-shell
libgtk-session-lock-0|tdvp-image-gtk-session-lock
libgtkmm-3.0-1|tdvp-image-gtkmm3
libharfbuzz-0|tdvp-image-harfbuzz
libharfbuzz-cairo-0|tdvp-image-harfbuzz
libharfbuzz-subset-0|tdvp-image-harfbuzz
libhistory-8|tdvp-image-readline
libhogweed-6|tdvp-image-nettle
libi2c-0|tdvp-image-i2c-tools
libinput-10|tdvp-image-libinput
libiw-30|tdvp-image-wireless-tools
libjpeg-9|tdvp-image-libjpeg
libjson-c-5|tdvp-image-json-c
libkmod-2|tdvp-image-kmod
libksba-8|tdvp-image-libksba
libltdl-7|tdvp-image-libtool
libmenu-cache-3|tdvp-image-libmenu-cache
libmenuw-6|tdvp-image-ncurses
libmount-1|tdvp-image-base
libmpv-2|tdvp-image-mpv
libmtdev-1|tdvp-image-mtdev
libncursesw-6|tdvp-image-ncurses
libncursesw|tdvp-image-ncurses
libndp-0|tdvp-image-libndp
libnettle-8|tdvp-image-nettle
libnl-3-200|tdvp-image-libnl
libnl-genl-3-200|tdvp-image-libnl
libnl-idiag-3-200|tdvp-image-libnl
libnl-nf-3-200|tdvp-image-libnl
libnl-route-3-200|tdvp-image-libnl
libnl-xfrm-3-200|tdvp-image-libnl
libnm-0|tdvp-image-network-manager
libnma-0|tdvp-image-libnma
libnpth-0|tdvp-image-libnpth
libnsl-1|tdvp-image-toolchain-external-custom
libnss-dns-2|tdvp-image-toolchain-external-custom
libnss-files-2|tdvp-image-toolchain-external-custom
libnss-myhostname-2|tdvp-image-systemd
libnss-resolve-2|tdvp-image-systemd
libnss-systemd-2|tdvp-image-systemd
libogg-0|tdvp-image-libogg
libopkg-1|tdvp-image-opkg
libp11-kit-0|tdvp-image-p11-kit
libpam-0|tdvp-image-linux-pam
libpam-misc-0|tdvp-image-linux-pam
libpamc-0|tdvp-image-linux-pam
libpanelw-6|tdvp-image-ncurses
libpango-1.0-0|tdvp-image-pango
libpangocairo-1.0-0|tdvp-image-pango
libpangoft2-1.0-0|tdvp-image-pango
libpangomm-1.4-1|tdvp-image-pangomm2-46
libpcre2-8-0|tdvp-image-pcre2
libpcre2-8|tdvp-image-pcre2
libpcre2-posix-3|tdvp-image-pcre2
libpixman-1-0|tdvp-image-pixman
libpng16-16|tdvp-image-libpng
libpopt-0|tdvp-image-popt
libpopt|tdvp-image-popt
libproc2-1|tdvp-image-procps-ng
libpsx-2|tdvp-image-libcap
libpulse-0|tdvp-image-pulseaudio
libpulse-mainloop-glib-0|tdvp-image-pulseaudio
libpulse-simple-0|tdvp-image-pulseaudio
libreadline-8|tdvp-image-readline
libreadline|tdvp-image-readline
librsvg-2-2|tdvp-image-librsvg
libseat-1|tdvp-image-seatd
libsecret-1-0|tdvp-image-libsecret
libsigc-2.0-0|tdvp-image-libsigc2
libsmartcols-1|tdvp-image-base
libsndfile-1|tdvp-image-libsndfile
libss-2|tdvp-image-e2fsprogs
libssl-3|tdvp-image-libopenssl
libswresample-3|tdvp-image-ffmpeg
libswscale-5|tdvp-image-ffmpeg
libsystemd-0|tdvp-image-systemd
libtasn1-6|tdvp-image-libtasn1
libtdvp-cpu1-1|tdvp-image-vicliu-pocket-linux-hardware
libudev-1|tdvp-image-systemd
libunistring-5|tdvp-image-libunistring
libutf8proc-3|tdvp-image-utf8proc
libuuid-1|tdvp-image-base
libv4l1-0|tdvp-image-libv4l
libv4l2-0|tdvp-image-libv4l
libv4l2rds-0|tdvp-image-libv4l
libv4lconvert-0|tdvp-image-libv4l
libvorbis-0|tdvp-image-libvorbis
libvorbisenc-2|tdvp-image-libvorbis
libvorbisfile-3|tdvp-image-libvorbis
libwayland-client-0|tdvp-image-wayland
libwayland-cursor-0|tdvp-image-wayland
libwayland-egl-1|tdvp-image-wayland
libwayland-server-0|tdvp-image-wayland
libwlroots-0.18|tdvp-image-wlroots
libxkbcommon-0|tdvp-image-libxkbcommon
libxml2-2|tdvp-image-libxml2
libz-1|tdvp-image-libzlib
libz|tdvp-image-libzlib
mesa-dri-drivers|tdvp-image-mesa3d
openssl-modules|tdvp-image-libopenssl
pulse-modules|tdvp-image-pulseaudio
shared-mime-info|tdvp-image-base
tdvp-gdk-committed-compat|tdvp-image-tdvp-labwc-desktop
tdvp-hardware-runtime|tdvp-image-vicliu-pocket-linux-hardware
tdvp-runtime-data|tdvp-image-base
tdvp-runtime-libexec|tdvp-image-base
tdvp-runtime-modules|tdvp-image-base
vg-lite-runtime|tdvp-image-vg-lite
